tvg-name,tvg-id,tvg-logo,group-title,link
CCTV1,CCTV1,https://epg.112114.xyz/logo/CCTV1.png,央视频道,http://115.153.254.81/PLTV/88888888/224/3221225699/iptv8040.smil/index.m3u8?fmt=ts2hls
CCTV1,CCTV1,https://epg.112114.xyz/logo/CCTV1.png,央视频道,http://115.153.254.81/PLTV/88888888/224/3221225517/iptv7949.smil/index.m3u8?fmt=ts2hls
CCTV2,CCTV2,https://epg.112114.xyz/logo/CCTV2.png,央视频道,http://115.153.254.81/PLTV/88888888/224/3221226825/59814584.smil/index.m3u8?fmt=ts2hls
CCTV4,CCTV4,https://epg.112114.xyz/logo/CCTV4.png,央视频道,http://115.153.254.81/PLTV/88888888/224/3221226838/59814684.smil/index.m3u8?fmt=ts2hls
CCTV7,CCTV7,https://epg.112114.xyz/logo/CCTV7.png,央视频道,http://115.153.254.81/PLTV/88888888/224/3221226827/59814693.smil/index.m3u8?fmt=ts2hls
CCTV9,CCTV9,https://epg.112114.xyz/logo/CCTV9.png,央视频道,http://115.153.254.81/PLTV/88888888/224/3221226840/59814699.smil/index.m3u8?fmt=ts2hls
CCTV10,CCTV10,https://epg.112114.xyz/logo/CCTV10.png,央视频道,http://115.153.254.81/PLTV/88888888/224/3221226630/51813372.smil/index.m3u8?fmt=ts2hls
CCTV11,CCTV11,https://epg.112114.xyz/logo/CCTV11.png,央视频道,http://115.153.254.81/PLTV/88888888/224/3221226986/85722616.smil/index.m3u8?fmt=ts2hls
CCTV12,CCTV12,https://epg.112114.xyz/logo/CCTV12.png,央视频道,http://115.153.254.81/PLTV/88888888/224/3221226829/59814709.smil/index.m3u8?fmt=ts2hls
CCTV13,CCTV13,https://epg.112114.xyz/logo/CCTV13.png,央视频道,http://115.153.254.81/PLTV/88888888/224/3221227037/87447722.smil/index.m3u8?fmt=ts2hls
CCTV14,CCTV14,https://epg.112114.xyz/logo/CCTV14.png,央视频道,http://115.153.254.81/PLTV/88888888/224/3221226634/51813368.smil/index.m3u8?fmt=ts2hls
CCTV15,CCTV15,https://epg.112114.xyz/logo/CCTV15.png,央视频道,http://115.153.254.81/PLTV/88888888/224/3221226988/85722541.smil/index.m3u8?fmt=ts2hls
CCTV16,CCTV16,https://epg.112114.xyz/logo/CCTV16.png,央视频道,http://115.153.254.81/PLTV/88888888/224/3221227051/92603106.smil/index.m3u8?fmt=ts2hls
CCTV17,CCTV17,https://epg.112114.xyz/logo/CCTV17.png,央视频道,http://115.153.254.81/PLTV/88888888/224/3221226846/61397282.smil/index.m3u8?fmt=ts2hls
CCTV4HD欧洲,CCTV4HD欧洲,https://epg.112114.xyz/logo/CCTV4HD欧洲.png,央视频道,http://115.153.254.81/PLTV/88888888/224/3221226964/77799053.smil/index.m3u8?fmt=ts2hls
CCTV4HD美洲,CCTV4HD美洲,https://epg.112114.xyz/logo/CCTV4HD美洲.png,央视频道,http://115.153.254.81/PLTV/88888888/224/3221226962/77799052.smil/index.m3u8?fmt=ts2hls
CCTV4K,CCTV4K,https://epg.112114.xyz/logo/CCTV4K.png,央视频道,http://115.153.254.81/PLTV/88888888/224/3221227073/106537394.smil/index.m3u8?fmt=ts2hls
CGTN,CGTN,https://epg.112114.xyz/logo/CGTN.png,央视频道,http://115.153.254.81/PLTV/88888888/224/3221226694/55738457.smil/index.m3u8?fmt=ts2hls
CGTN英语,CGTN英语,https://epg.112114.xyz/logo/CGTN英语.png,央视频道,http://115.153.254.81/PLTV/88888888/224/3221226947/77798966.smil/index.m3u8?fmt=ts2hls
CGTN法语,CGTN法语,https://epg.112114.xyz/logo/CGTN法语.png,央视频道,http://115.153.254.81/PLTV/88888888/224/3221226968/77799060.smil/index.m3u8?fmt=ts2hls
CGTN俄语,CGTN俄语,https://epg.112114.xyz/logo/CGTN俄语.png,央视频道,http://115.153.254.81/PLTV/88888888/224/3221226966/77798997.smil/index.m3u8?fmt=ts2hls
CGTN英语,CGTN英语,https://epg.112114.xyz/logo/CGTN英语.png,央视频道,http://115.153.254.81/PLTV/88888888/224/3221226960/77798993.smil/index.m3u8?fmt=ts2hls
CGTN西语,CGTN西语,https://epg.112114.xyz/logo/CGTN西语.png,央视频道,http://115.153.254.81/PLTV/88888888/224/3221226949/77798970.smil/index.m3u8?fmt=ts2hls
CGTN阿语,CGTN阿语,https://epg.112114.xyz/logo/CGTN阿语.png,央视频道,http://115.153.254.81/PLTV/88888888/224/3221226951/77799001.smil/index.m3u8?fmt=ts2hls
第一剧场,第一剧场,https://epg.112114.xyz/logo/第一剧场.png,央视频道,http://115.153.254.81/PLTV/88888888/224/3221226961/86128891.smil/index.m3u8?fmt=ts2hls
风云音乐,风云音乐,https://epg.112114.xyz/logo/风云音乐.png,央视频道,http://115.153.254.81/PLTV/88888888/224/3221226994/86128897.smil/index.m3u8?fmt=ts2hls
风云剧场,风云剧场,https://epg.112114.xyz/logo/风云剧场.png,央视频道,http://115.153.254.81/PLTV/88888888/224/3221226963/86128874.smil/index.m3u8?fmt=ts2hls
怀旧剧场,怀旧剧场,https://epg.112114.xyz/logo/怀旧剧场.png,央视频道,http://115.153.254.81/PLTV/88888888/224/3221226996/86128881.smil/index.m3u8?fmt=ts2hls
兵器科技,兵器科技,https://epg.112114.xyz/logo/兵器科技.png,央视频道,http://115.153.254.81/PLTV/88888888/224/3221227004/86132185.smil/index.m3u8?fmt=ts2hls
央视精品,央视精品,https://epg.112114.xyz/logo/央视精品.png,央视频道,http://115.153.254.81/PLTV/88888888/224/3221226957/86128679.smil/index.m3u8?fmt=ts2hls
央视台球,央视台球,https://epg.112114.xyz/logo/央视台球.png,央视频道,http://115.153.254.81/PLTV/88888888/224/3221226955/86106661.smil/index.m3u8?fmt=ts2hls
中国天气,中国天气,https://epg.112114.xyz/logo/中国天气.png,央视频道,http://115.153.254.81/PLTV/88888888/224/3221227056/89471929.smil/index.m3u8?fmt=ts2hls
收视指南,收视指南,https://epg.112114.xyz/logo/收视指南.png,央视频道,http://115.153.254.81/PLTV/88888888/224/3221226987/86440886.smil/index.m3u8?fmt=ts2hls
江西都市频道,江西都市频道,https://epg.112114.xyz/logo/江西都市频道.png,江西本地,http://115.153.254.81/PLTV/88888888/224/3221227069/94448631.smil/index.m3u8?fmt=ts2hls
江西经济生活,江西经济生活,https://epg.112114.xyz/logo/江西经济生活.png,江西本地,http://115.153.254.81/PLTV/88888888/224/3221226717/53707446.smil/index.m3u8?fmt=ts2hls
江西经济生活频道,江西经济生活频道,https://epg.112114.xyz/logo/江西经济生活频道.png,江西本地,http://115.153.254.81/PLTV/88888888/224/3221226946/70055407.smil/index.m3u8?fmt=ts2hls
江西影视旅游频道,江西影视旅游频道,https://epg.112114.xyz/logo/江西影视旅游频道.png,江西本地,http://115.153.254.81/PLTV/88888888/224/3221227071/98779894.smil/index.m3u8?fmt=ts2hls
江西公共农业频道,江西公共农业频道,https://epg.112114.xyz/logo/江西公共农业频道.png,江西本地,http://115.153.254.81/PLTV/88888888/224/3221226708/53213097.smil/index.m3u8?fmt=ts2hls
江西新闻频道,江西新闻频道,https://epg.112114.xyz/logo/江西新闻频道.png,江西本地,http://115.153.254.81/PLTV/88888888/224/3221226650/53190437.smil/index.m3u8?fmt=ts2hls
江西卫视,江西卫视,https://epg.112114.xyz/logo/江西卫视.png,卫视频道,http://115.153.254.81/PLTV/88888888/224/3221226656/46275837.smil/index.m3u8?fmt=ts2hls
湖南卫视,湖南卫视,https://epg.112114.xyz/logo/湖南卫视.png,卫视频道,http://115.153.254.81/PLTV/88888888/224/3221225697/iptv8039.smil/index.m3u8?fmt=ts2hls
浙江卫视,浙江卫视,https://epg.112114.xyz/logo/浙江卫视.png,卫视频道,http://115.153.254.81/PLTV/88888888/224/3221225768/10000100000000060000000000913518_0.smil/index.m3u8?fmt=ts2hls
江苏卫视,江苏卫视,https://epg.112114.xyz/logo/江苏卫视.png,卫视频道,http://115.153.254.81/PLTV/88888888/224/3221225766/10000100000000060000000000913517_0.smil/index.m3u8?fmt=ts2hls
东方卫视,东方卫视,https://epg.112114.xyz/logo/东方卫视.png,卫视频道,http://115.153.254.81/PLTV/88888888/224/3221225770/10000100000000060000000000913526_0.smil/index.m3u8?fmt=ts2hls
北京卫视,北京卫视,https://epg.112114.xyz/logo/北京卫视.png,卫视频道,http://115.153.254.81/PLTV/88888888/224/3221225546/iptv51912.smil/index.m3u8?fmt=ts2hls
广东卫视,广东卫视,https://epg.112114.xyz/logo/广东卫视.png,卫视频道,http://115.153.254.81/PLTV/88888888/224/3221225957/10000100000000060000000000913519_0.smil/index.m3u8?fmt=ts2hls
深圳卫视,深圳卫视,https://epg.112114.xyz/logo/深圳卫视.png,卫视频道,http://115.153.254.81/PLTV/88888888/224/3221225764/10000100000000060000000000913503_0.smil/index.m3u8?fmt=ts2hls
湖北卫视,湖北卫视,https://epg.112114.xyz/logo/湖北卫视.png,卫视频道,http://115.153.254.81/PLTV/88888888/224/3221225827/10000100000000060000000000470332_2.smil/index.m3u8?fmt=ts2hls
天津卫视,天津卫视,https://epg.112114.xyz/logo/天津卫视.png,卫视频道,http://115.153.254.81/PLTV/88888888/224/3221226652/46098366.smil/index.m3u8?fmt=ts2hls
安徽卫视,安徽卫视,https://epg.112114.xyz/logo/安徽卫视.png,卫视频道,http://115.153.254.81/PLTV/88888888/224/3221226622/51176344.smil/index.m3u8?fmt=ts2hls
辽宁卫视,辽宁卫视,https://epg.112114.xyz/logo/辽宁卫视.png,卫视频道,http://115.153.254.81/PLTV/88888888/224/3221226649/46098370.smil/index.m3u8?fmt=ts2hls
山东卫视,山东卫视,https://epg.112114.xyz/logo/山东卫视.png,卫视频道,http://115.153.254.81/PLTV/88888888/224/3221225919/10000100000000060000000000811554_0.smil/index.m3u8?fmt=ts2hls
东南卫视,东南卫视,https://epg.112114.xyz/logo/东南卫视.png,卫视频道,http://115.153.254.81/PLTV/88888888/224/3221226677/51176347.smil/index.m3u8?fmt=ts2hls
云南卫视,云南卫视,https://epg.112114.xyz/logo/云南卫视.png,卫视频道,http://115.153.254.81/PLTV/88888888/224/3221226937/72640386.smil/index.m3u8?fmt=ts2hls
吉林卫视,吉林卫视,https://epg.112114.xyz/logo/吉林卫视.png,卫视频道,http://115.153.254.81/PLTV/88888888/224/3221226831/59814731.smil/index.m3u8?fmt=ts2hls
西藏卫视,西藏卫视,https://epg.112114.xyz/logo/西藏卫视.png,卫视频道,http://115.153.254.81/PLTV/88888888/224/3221225570/iptv101725.smil/index.m3u8?fmt=ts2hls
广西卫视,广西卫视,https://epg.112114.xyz/logo/广西卫视.png,卫视频道,http://115.153.254.81/PLTV/88888888/224/3221226954/71778425.smil/index.m3u8?fmt=ts2hls
宁夏卫视,宁夏卫视,https://epg.112114.xyz/logo/宁夏卫视.png,卫视频道,http://115.153.254.81/PLTV/88888888/224/3221225747/iptv101619.smil/index.m3u8?fmt=ts2hls
河南卫视,河南卫视,https://epg.112114.xyz/logo/河南卫视.png,卫视频道,http://115.153.254.81/PLTV/88888888/224/3221226842/59814787.smil/index.m3u8?fmt=ts2hls
重庆卫视,重庆卫视,https://epg.112114.xyz/logo/重庆卫视.png,卫视频道,http://115.153.254.81/PLTV/88888888/224/3221226638/51813388.smil/index.m3u8?fmt=ts2hls
甘肃卫视,甘肃卫视,https://epg.112114.xyz/logo/甘肃卫视.png,卫视频道,http://115.153.254.81/PLTV/88888888/224/3221227039/87447727.smil/index.m3u8?fmt=ts2hls
海南卫视,海南卫视,https://epg.112114.xyz/logo/海南卫视.png,卫视频道,http://115.153.254.81/PLTV/88888888/224/3221226933/70442779.smil/index.m3u8?fmt=ts2hls
四川卫视,四川卫视,https://epg.112114.xyz/logo/四川卫视.png,卫视频道,http://115.153.254.81/PLTV/88888888/224/3221226693/51813384.smil/index.m3u8?fmt=ts2hls
山西卫视,山西卫视,https://epg.112114.xyz/logo/山西卫视.png,卫视频道,http://115.153.254.81/PLTV/88888888/224/3221225551/iptv7966.smil/index.m3u8?fmt=ts2hls
贵州卫视,贵州卫视,https://epg.112114.xyz/logo/贵州卫视.png,卫视频道,http://115.153.254.81/PLTV/88888888/224/3221226833/59814738.smil/index.m3u8?fmt=ts2hls
青海卫视,青海卫视,https://epg.112114.xyz/logo/青海卫视.png,卫视频道,http://115.153.254.81/PLTV/88888888/224/3221225589/iptv7985.smil/index.m3u8?fmt=ts2hls
陕西卫视,陕西卫视,https://epg.112114.xyz/logo/陕西卫视.png,卫视频道,http://115.153.254.81/PLTV/88888888/224/3221225755/iptv101726.smil/index.m3u8?fmt=ts2hls
新疆卫视,新疆卫视,https://epg.112114.xyz/logo/新疆卫视.png,卫视频道,http://115.153.254.81/PLTV/88888888/224/3221225550/iptv61197.smil/index.m3u8?fmt=ts2hls
兵团卫视,兵团卫视,https://epg.112114.xyz/logo/兵团卫视.png,卫视频道,http://115.153.254.81/PLTV/88888888/224/3221225753/iptv101723.smil/index.m3u8?fmt=ts2hls
河北卫视,河北卫视,https://epg.112114.xyz/logo/河北卫视.png,卫视频道,http://115.153.254.81/PLTV/88888888/224/3221226821/59781859.smil/index.m3u8?fmt=ts2hls
山东教育,山东教育,https://epg.112114.xyz/logo/山东教育.png,卫视频道,http://115.153.254.81/PLTV/88888888/224/3221226980/85722602.smil/index.m3u8?fmt=ts2hls
厦门卫视,厦门卫视,https://epg.112114.xyz/logo/厦门卫视.png,卫视频道,http://115.153.254.81/PLTV/88888888/224/3221226982/85722609.smil/index.m3u8?fmt=ts2hls
三沙卫视,三沙卫视,https://epg.112114.xyz/logo/三沙卫视.png,卫视频道,http://115.153.254.81/PLTV/88888888/224/3221226984/85722645.smil/index.m3u8?fmt=ts2hls
黑龙江卫视,黑龙江卫视,https://epg.112114.xyz/logo/黑龙江卫视.png,卫视频道,http://115.153.254.81/PLTV/88888888/224/3221225584/10000100000000060000000000031778_0.smil/index.m3u8?fmt=ts2hls
内蒙古卫视,内蒙古卫视,https://epg.112114.xyz/logo/内蒙古卫视.png,卫视频道,http://115.153.254.81/PLTV/88888888/224/3221225591/iptv7986.smil/index.m3u8?fmt=ts2hls
CHC影迷电影,CHC影迷电影,https://epg.112114.xyz/logo/CHC影迷电影.png,电影频道,http://115.153.254.81/PLTV/88888888/224/3221226990/86128784.smil/index.m3u8?fmt=ts2hls
CHC家庭影院,CHC家庭影院,https://epg.112114.xyz/logo/CHC家庭影院.png,电影频道,http://115.153.254.81/PLTV/88888888/224/3221226959/86128800.smil/index.m3u8?fmt=ts2hls
CHC动作电影,CHC动作电影,https://epg.112114.xyz/logo/CHC动作电影.png,电影频道,http://115.153.254.81/PLTV/88888888/224/3221226992/86128817.smil/index.m3u8?fmt=ts2hls
经典电影,经典电影,https://epg.112114.xyz/logo/经典电影.png,电影频道,http://115.153.254.81/PLTV/88888888/224/3221227010/86440860.smil/index.m3u8?fmt=ts2hls
爱综艺,爱综艺,https://epg.112114.xyz/logo/爱综艺.png,电影频道,http://115.153.254.81/PLTV/88888888/224/3221226983/86440966.smil/index.m3u8?fmt=ts2hls
爱电影,爱电影,https://epg.112114.xyz/logo/爱电影.png,电影频道,http://115.153.254.81/PLTV/88888888/224/3221226985/86441021.smil/index.m3u8?fmt=ts2hls
爱大剧,爱大剧,https://epg.112114.xyz/logo/爱大剧.png,电影频道,http://115.153.254.81/PLTV/88888888/224/3221227014/86441032.smil/index.m3u8?fmt=ts2hls
爱生活,爱生活,https://epg.112114.xyz/logo/爱生活.png,电影频道,http://115.153.254.81/PLTV/88888888/224/3221227024/86441150.smil/index.m3u8?fmt=ts2hls
欢笑剧场4K,欢笑剧场4K,https://epg.112114.xyz/logo/欢笑剧场4K.png,电影频道,http://115.153.254.81/PLTV/88888888/224/3221225734/10000100000000060000000000901456_0.smil/index.m3u8?fmt=ts2hls
都市剧场,都市剧场,https://epg.112114.xyz/logo/都市剧场.png,电影频道,http://115.153.254.81/PLTV/88888888/224/3221225738/10000100000000060000000000901499_0.smil/index.m3u8?fmt=ts2hls
热播剧场,热播剧场,https://epg.112114.xyz/logo/热播剧场.png,电影频道,http://115.153.254.81/PLTV/88888888/224/3221227008/86440955.smil/index.m3u8?fmt=ts2hls
城市剧场,城市剧场,https://epg.112114.xyz/logo/城市剧场.png,电影频道,http://115.153.254.81/PLTV/88888888/224/3221227018/86441003.smil/index.m3u8?fmt=ts2hls
军旅剧场,军旅剧场,https://epg.112114.xyz/logo/军旅剧场.png,电影频道,http://115.153.254.81/PLTV/88888888/224/3221226995/86441107.smil/index.m3u8?fmt=ts2hls
古装剧场,古装剧场,https://epg.112114.xyz/logo/古装剧场.png,电影频道,http://115.153.254.81/PLTV/88888888/224/3221227020/86441115.smil/index.m3u8?fmt=ts2hls
喜剧影院,喜剧影院,https://epg.112114.xyz/logo/喜剧影院.png,电影频道,http://115.153.254.81/PLTV/88888888/224/3221226997/86441126.smil/index.m3u8?fmt=ts2hls
动作影院,动作影院,https://epg.112114.xyz/logo/动作影院.png,电影频道,http://115.153.254.81/PLTV/88888888/224/3221226999/86441130.smil/index.m3u8?fmt=ts2hls
家庭影院,家庭影院,https://epg.112114.xyz/logo/家庭影院.png,电影频道,http://115.153.254.81/PLTV/88888888/224/3221227022/86441136.smil/index.m3u8?fmt=ts2hls
音乐现场,音乐现场,https://epg.112114.xyz/logo/音乐现场.png,电影频道,http://115.153.254.81/PLTV/88888888/224/3221227001/86441055.smil/index.m3u8?fmt=ts2hls
武侠剧场,武侠剧场,https://epg.112114.xyz/logo/武侠剧场.png,电影频道,http://115.153.254.81/PLTV/88888888/224/3221227003/86441017.smil/index.m3u8?fmt=ts2hls
经典剧场,经典剧场,https://epg.112114.xyz/logo/经典剧场.png,电影频道,http://115.153.254.81/PLTV/88888888/224/3221227034/86502060.smil/index.m3u8?fmt=ts2hls
红色影院,红色影院,https://epg.112114.xyz/logo/红色影院.png,电影频道,http://115.153.254.81/PLTV/88888888/224/3221227036/86502103.smil/index.m3u8?fmt=ts2hls
足球,足球,https://epg.112114.xyz/logo/足球.png,体育频道,http://115.153.254.81/PLTV/88888888/224/3221227019/86502107.smil/index.m3u8?fmt=ts2hls
汽摩,汽摩,https://epg.112114.xyz/logo/汽摩.png,体育频道,http://115.153.254.81/PLTV/88888888/224/3221226819/59781852.smil/index.m3u8?fmt=ts2hls
车迷,车迷,https://epg.112114.xyz/logo/车迷.png,体育频道,http://115.153.254.81/PLTV/88888888/224/3221227027/86502211.smil/index.m3u8?fmt=ts2hls
武术,武术,https://epg.112114.xyz/logo/武术.png,体育频道,http://115.153.254.81/PLTV/88888888/224/3221227017/86502065.smil/index.m3u8?fmt=ts2hls
先锋乒羽,先锋乒羽,https://epg.112114.xyz/logo/先锋乒羽.png,体育频道,http://115.153.254.81/PLTV/88888888/224/3221226935/72307307.smil/index.m3u8?fmt=ts2hls
快乐垂钓,快乐垂钓,https://epg.112114.xyz/logo/快乐垂钓.png,体育频道,http://115.153.254.81/PLTV/88888888/224/3221226834/59781974.smil/index.m3u8?fmt=ts2hls
武术世界,武术世界,https://epg.112114.xyz/logo/武术世界.png,体育频道,http://115.153.254.81/PLTV/88888888/224/3221226824/59781846.smil/index.m3u8?fmt=ts2hls
风云足球,风云足球,https://epg.112114.xyz/logo/风云足球.png,体育频道,http://115.153.254.81/PLTV/88888888/224/3221227000/86128919.smil/index.m3u8?fmt=ts2hls
四海钓鱼,四海钓鱼,https://epg.112114.xyz/logo/四海钓鱼.png,体育频道,http://115.153.254.81/PLTV/88888888/224/3221227048/86502173.smil/index.m3u8?fmt=ts2hls
高尔夫网球,高尔夫网球,https://epg.112114.xyz/logo/高尔夫网球.png,体育频道,http://115.153.254.81/PLTV/88888888/224/3221226967/86128985.smil/index.m3u8?fmt=ts2hls
爱体育,爱体育,https://epg.112114.xyz/logo/爱体育.png,体育频道,http://115.153.254.81/PLTV/88888888/224/3221227012/86440946.smil/index.m3u8?fmt=ts2hls
爱体育,爱体育,https://epg.112114.xyz/logo/爱体育.png,体育频道,http://115.153.254.81/PLTV/88888888/224/3221227044/86502115.smil/index.m3u8?fmt=ts2hls
中国教育1,中国教育1,https://epg.112114.xyz/logo/中国教育1.png,儿童频道,http://115.153.254.81/PLTV/88888888/224/3221226858/63768493.smil/index.m3u8?fmt=ts2hls
中国教育2,中国教育2,https://epg.112114.xyz/logo/中国教育2.png,儿童频道,http://115.153.254.81/PLTV/88888888/224/3221226978/85722625.smil/index.m3u8?fmt=ts2hls
中国教育4频道,中国教育4频道,https://epg.112114.xyz/logo/中国教育4频道.png,儿童频道,http://115.153.254.81/PLTV/88888888/224/3221226905/65242632.smil/index.m3u8?fmt=ts2hls
江西教育频道,江西教育频道,https://epg.112114.xyz/logo/江西教育频道.png,儿童频道,http://115.153.254.81/PLTV/88888888/224/3221226942/69552502.smil/index.m3u8?fmt=ts2hls
金鹰卡通,金鹰卡通,https://epg.112114.xyz/logo/金鹰卡通.png,儿童频道,http://115.153.254.81/PLTV/88888888/224/3221226972/80382319.smil/index.m3u8?fmt=ts2hls
炫动卡通,炫动卡通,https://epg.112114.xyz/logo/炫动卡通.png,儿童频道,http://115.153.254.81/PLTV/88888888/224/3221225583/iptv7982.smil/index.m3u8?fmt=ts2hls
优优宝贝,优优宝贝,https://epg.112114.xyz/logo/优优宝贝.png,儿童频道,http://115.153.254.81/PLTV/88888888/224/3221227050/86502131.smil/index.m3u8?fmt=ts2hls
少儿动画,少儿动画,https://epg.112114.xyz/logo/少儿动画.png,儿童频道,http://115.153.254.81/PLTV/88888888/224/3221227006/86440922.smil/index.m3u8?fmt=ts2hls
卡酷卡通,卡酷卡通,https://epg.112114.xyz/logo/卡酷卡通.png,儿童频道,http://115.153.254.81/PLTV/88888888/224/3221225566/iptv101695.smil/index.m3u8?fmt=ts2hls
嘉佳卡通,嘉佳卡通,https://epg.112114.xyz/logo/嘉佳卡通.png,儿童频道,http://115.153.254.81/PLTV/88888888/224/3221225588/10000100000000060000000000140157_0.smil/index.m3u8?fmt=ts2hls
国学,国学,https://epg.112114.xyz/logo/国学.png,儿童频道,http://115.153.254.81/PLTV/88888888/224/3221226797/59781463.smil/index.m3u8?fmt=ts2hls
国学,国学,https://epg.112114.xyz/logo/国学.png,儿童频道,http://115.153.254.81/PLTV/88888888/224/3221227028/86441216.smil/index.m3u8?fmt=ts2hls
早教,早教,https://epg.112114.xyz/logo/早教.png,儿童频道,http://115.153.254.81/PLTV/88888888/224/3221227007/86441065.smil/index.m3u8?fmt=ts2hls
动画,动画,https://epg.112114.xyz/logo/动画.png,儿童频道,http://115.153.254.81/PLTV/88888888/224/3221227009/86502150.smil/index.m3u8?fmt=ts2hls
乐游,乐游,https://epg.112114.xyz/logo/乐游.png,儿童频道,http://115.153.254.81/PLTV/88888888/224/3221227041/87703526.smil/index.m3u8?fmt=ts2hls
书画,书画,https://epg.112114.xyz/logo/书画.png,儿童频道,http://115.153.254.81/PLTV/88888888/224/3221226971/86128924.smil/index.m3u8?fmt=ts2hls
新动漫,新动漫,https://epg.112114.xyz/logo/新动漫.png,儿童频道,http://115.153.254.81/PLTV/88888888/224/3221226973/86129004.smil/index.m3u8?fmt=ts2hls
好学生,好学生,https://epg.112114.xyz/logo/好学生.png,儿童频道,http://115.153.254.81/PLTV/88888888/224/3221227026/86441141.smil/index.m3u8?fmt=ts2hls
文物宝库,文物宝库,https://epg.112114.xyz/logo/文物宝库.png,儿童频道,http://115.153.254.81/PLTV/88888888/224/3221226808/59781526.smil/index.m3u8?fmt=ts2hls
动漫秀场,动漫秀场,https://epg.112114.xyz/logo/动漫秀场.png,儿童频道,http://115.153.254.81/PLTV/88888888/224/3221225613/iptv7997.smil/index.m3u8?fmt=ts2hls
游戏风云,游戏风云,https://epg.112114.xyz/logo/游戏风云.png,儿童频道,http://115.153.254.81/PLTV/88888888/224/3221225615/iptv7998.smil/index.m3u8?fmt=ts2hls
金鹰纪实,金鹰纪实,https://epg.112114.xyz/logo/金鹰纪实.png,儿童频道,http://115.153.254.81/PLTV/88888888/224/3221226823/59781863.smil/index.m3u8?fmt=ts2hls
纪实人文,纪实人文,https://epg.112114.xyz/logo/纪实人文.png,儿童频道,http://115.153.254.81/PLTV/88888888/224/3221225951/10000100000000060000000000905987_0.smil/index.m3u8?fmt=ts2hls
纪实科教频道,纪实科教频道,https://epg.112114.xyz/logo/纪实科教频道.png,儿童频道,http://115.153.254.81/PLTV/88888888/224/3221227074/108965751.smil/index.m3u8?fmt=ts2hls
江西少儿频道,江西少儿频道,https://epg.112114.xyz/logo/江西少儿频道.png,儿童频道,http://115.153.254.81/PLTV/88888888/224/3221226938/68733921.smil/index.m3u8?fmt=ts2hls
IPTV谍战剧场,IPTV谍战剧场,https://epg.112114.xyz/logo/IPTV谍战剧场.png,特色频道,http://115.153.254.81/PLTV/88888888/224/3221227016/86441085.smil/index.m3u8?fmt=ts2hls
IPTV相声小品,IPTV相声小品,https://epg.112114.xyz/logo/IPTV相声小品.png,特色频道,http://115.153.254.81/PLTV/88888888/224/3221226989/86441091.smil/index.m3u8?fmt=ts2hls
IPTV野外,IPTV野外,https://epg.112114.xyz/logo/IPTV野外.png,特色频道,http://115.153.254.81/PLTV/88888888/224/3221226991/86441042.smil/index.m3u8?fmt=ts2hls
IPTV法治,IPTV法治,https://epg.112114.xyz/logo/IPTV法治.png,特色频道,http://115.153.254.81/PLTV/88888888/224/3221226993/86440997.smil/index.m3u8?fmt=ts2hls
世界地理,世界地理,https://epg.112114.xyz/logo/世界地理.png,特色频道,http://115.153.254.81/PLTV/88888888/224/3221226965/86128966.smil/index.m3u8?fmt=ts2hls
女性时尚,女性时尚,https://epg.112114.xyz/logo/女性时尚.png,特色频道,http://115.153.254.81/PLTV/88888888/224/3221226998/86128978.smil/index.m3u8?fmt=ts2hls
法治天地,法治天地,https://epg.112114.xyz/logo/法治天地.png,特色频道,http://115.153.254.81/PLTV/88888888/224/3221225607/iptv7994.smil/index.m3u8?fmt=ts2hls
生活时尚,生活时尚,https://epg.112114.xyz/logo/生活时尚.png,特色频道,http://115.153.254.81/PLTV/88888888/224/3221225603/iptv7992.smil/index.m3u8?fmt=ts2hls
金色频道,金色频道,https://epg.112114.xyz/logo/金色频道.png,特色频道,http://115.153.254.81/PLTV/88888888/224/3221225621/iptv8001.smil/index.m3u8?fmt=ts2hls
东方财经,东方财经,https://epg.112114.xyz/logo/东方财经.png,特色频道,http://115.153.254.81/PLTV/88888888/224/3221225609/iptv7995.smil/index.m3u8?fmt=ts2hls
茶,茶,https://epg.112114.xyz/logo/茶.png,特色频道,http://115.153.254.81/PLTV/88888888/224/3221226832/59781969.smil/index.m3u8?fmt=ts2hls
梨园,梨园,https://epg.112114.xyz/logo/梨园.png,特色频道,http://115.153.254.81/PLTV/88888888/224/3221226822/59781815.smil/index.m3u8?fmt=ts2hls
戏曲,戏曲,https://epg.112114.xyz/logo/戏曲.png,特色频道,http://115.153.254.81/PLTV/88888888/224/3221227030/86441159.smil/index.m3u8?fmt=ts2hls
鉴赏,鉴赏,https://epg.112114.xyz/logo/鉴赏.png,特色频道,http://115.153.254.81/PLTV/88888888/224/3221227011/86502050.smil/index.m3u8?fmt=ts2hls
墨宝,墨宝,https://epg.112114.xyz/logo/墨宝.png,特色频道,http://115.153.254.81/PLTV/88888888/224/3221227032/86502054.smil/index.m3u8?fmt=ts2hls
光影,光影,https://epg.112114.xyz/logo/光影.png,特色频道,http://115.153.254.81/PLTV/88888888/224/3221227013/86502094.smil/index.m3u8?fmt=ts2hls
军事,军事,https://epg.112114.xyz/logo/军事.png,特色频道,http://115.153.254.81/PLTV/88888888/224/3221227038/86502156.smil/index.m3u8?fmt=ts2hls
地理,地理,https://epg.112114.xyz/logo/地理.png,特色频道,http://115.153.254.81/PLTV/88888888/224/3221227040/86502111.smil/index.m3u8?fmt=ts2hls
美妆,美妆,https://epg.112114.xyz/logo/美妆.png,特色频道,http://115.153.254.81/PLTV/88888888/224/3221227021/86502160.smil/index.m3u8?fmt=ts2hls
解密,解密,https://epg.112114.xyz/logo/解密.png,特色频道,http://115.153.254.81/PLTV/88888888/224/3221227023/86502069.smil/index.m3u8?fmt=ts2hls
星影,星影,https://epg.112114.xyz/logo/星影.png,特色频道,http://115.153.254.81/PLTV/88888888/224/3221227042/86502073.smil/index.m3u8?fmt=ts2hls
美人,美人,https://epg.112114.xyz/logo/美人.png,特色频道,http://115.153.254.81/PLTV/88888888/224/3221227015/86502099.smil/index.m3u8?fmt=ts2hls
财富天下,财富天下,https://epg.112114.xyz/logo/财富天下.png,特色频道,http://115.153.254.81/PLTV/88888888/224/3221227068/95616594.smil/index.m3u8?fmt=ts2hls
精选,精选,https://epg.112114.xyz/logo/精选.png,其他频道,http://115.153.254.81/PLTV/88888888/224/3221227005/86441212.smil/index.m3u8?fmt=ts2hls
爱上4K,爱上4K,https://epg.112114.xyz/logo/爱上4K.png,其他频道,http://115.153.254.81/PLTV/88888888/224/3221227025/86502164.smil/index.m3u8?fmt=ts2hls
电视指南,电视指南,https://epg.112114.xyz/logo/电视指南.png,其他频道,http://115.153.254.81/PLTV/88888888/224/3221226969/86129034.smil/index.m3u8?fmt=ts2hls
魅力时尚,魅力时尚,https://epg.112114.xyz/logo/魅力时尚.png,其他频道,http://115.153.254.81/PLTV/88888888/224/3221226981/86440822.smil/index.m3u8?fmt=ts2hls
环球奇观,环球奇观,https://epg.112114.xyz/logo/环球奇观.png,其他频道,http://115.153.254.81/PLTV/88888888/224/3221226977/86128939.smil/index.m3u8?fmt=ts2hls
生态环境,生态环境,https://epg.112114.xyz/logo/生态环境.png,其他频道,http://115.153.254.81/PLTV/88888888/224/3221227029/86502215.smil/index.m3u8?fmt=ts2hls
环球旅游,环球旅游,https://epg.112114.xyz/logo/环球旅游.png,其他频道,http://115.153.254.81/PLTV/88888888/224/3221227033/86502177.smil/index.m3u8?fmt=ts2hls
家庭理财,家庭理财,https://epg.112114.xyz/logo/家庭理财.png,其他频道,http://115.153.254.81/PLTV/88888888/224/3221227031/86502127.smil/index.m3u8?fmt=ts2hls
证券服务,证券服务,https://epg.112114.xyz/logo/证券服务.png,其他频道,http://115.153.254.81/PLTV/88888888/224/3221227043/89471982.smil/index.m3u8?fmt=ts2hls
